,E,nu
0,[0.49214952 0.27526905],[0.20871966 0.43331443]
1,[0.85440524 0.24947868],[0.24274336 0.43442132]
2,[0.85440524 0.24947868],[0.89549785 0.2798473 ]
3,[0.72889666 0.18929338],[0.89549785 0.2798473 ]
4,[0.27765471 0.42887317],[0.68420649 0.30534615]
5,[0.72889666 0.18929338],[0.20871966 0.43331443]
6,[0.29924229 0.43066443],[0.10515492 0.26101487]
7,[0.27765471 0.42887317],[0.20142947 0.43081917]
8,[0.25012516 0.42658887],[0.20871966 0.43331443]
9,[0.31600202 0.43205509],[0.89549785 0.2798473 ]
10,[0.27765471 0.42887317],[0.68420649 0.30534615]
11,[0.72889666 0.18929338],[0.68420649 0.30534615]
12,[0.85440524 0.24947868],[0.10515492 0.26101487]
13,[0.85440524 0.24947868],[0.89549785 0.2798473 ]
14,[0.25012516 0.42658887],[0.68420649 0.30534615]
15,[0.29924229 0.43066443],[0.20871966 0.43331443]
16,[0.27765471 0.42887317],[0.36497862 0.3584817 ]
17,[0.25012516 0.42658887],[0.47564671 0.35826071]
18,[0.72889666 0.18929338],[0.20192996 0.42738696]
19,[0.60305611 0.21290933],[0.24274336 0.43442132]
20,[0.25012516 0.42658887],[0.89549785 0.2798473 ]
21,[0.49214952 0.27526905],[0.68420649 0.30534615]
22,[0.85440524 0.24947868],[0.20142947 0.43081917]
23,[0.27765471 0.42887317],[0.89549785 0.2798473 ]
24,[0.95509304 0.29983559],[0.10515492 0.26101487]
25,[0.31600202 0.43205509],[0.36497862 0.3584817 ]
26,[0.29924229 0.43066443],[0.20871966 0.43331443]
27,[0.25012516 0.42658887],[0.89549785 0.2798473 ]
28,[0.60305611 0.21290933],[0.89549785 0.2798473 ]
29,[0.60305611 0.21290933],[0.89549785 0.2798473 ]
30,[0.72889666 0.18929338],[0.36497862 0.3584817 ]
31,[0.85440524 0.24947868],[0.68420649 0.30534615]
32,[0.72889666 0.18929338],[0.20142947 0.43081917]
33,[0.95509304 0.29983559],[0.36497862 0.3584817 ]
34,[0.27765471 0.42887317],[0.68420649 0.30534615]
35,[0.27765471 0.42887317],[0.20871966 0.43331443]
36,[0.60305611 0.21290933],[0.89549785 0.2798473 ]
37,[0.85440524 0.24947868],[0.20192996 0.42738696]
38,[0.60305611 0.21290933],[0.20192996 0.42738696]
39,[0.31600202 0.43205509],[0.20192996 0.42738696]
40,[0.31600202 0.43205509],[0.20192996 0.42738696]
41,[0.27765471 0.42887317],[0.10515492 0.26101487]
42,[0.60305611 0.21290933],[0.10515492 0.26101487]
43,[0.27765471 0.42887317],[0.24274336 0.43442132]
44,[0.95509304 0.29983559],[0.24274336 0.43442132]
45,[0.85440524 0.24947868],[0.10515492 0.26101487]
46,[0.60305611 0.21290933],[0.20871966 0.43331443]
47,[0.27765471 0.42887317],[0.24274336 0.43442132]
48,[0.27765471 0.42887317],[0.20871966 0.43331443]
49,[0.72889666 0.18929338],[0.24274336 0.43442132]
50,[0.29924229 0.43066443],[0.89549785 0.2798473 ]
51,[0.85440524 0.24947868],[0.36497862 0.3584817 ]
52,[0.72889666 0.18929338],[0.24274336 0.43442132]
53,[0.49214952 0.27526905],[0.68420649 0.30534615]
54,[0.29924229 0.43066443],[0.89549785 0.2798473 ]
55,[0.85440524 0.24947868],[0.20142947 0.43081917]
56,[0.85440524 0.24947868],[0.36497862 0.3584817 ]
57,[0.72889666 0.18929338],[0.36497862 0.3584817 ]
58,[0.72889666 0.18929338],[0.24274336 0.43442132]
59,[0.85440524 0.24947868],[0.20192996 0.42738696]
60,[0.95509304 0.29983559],[0.24274336 0.43442132]
61,[0.60305611 0.21290933],[0.20142947 0.43081917]
62,[0.85440524 0.24947868],[0.10515492 0.26101487]
63,[0.85440524 0.24947868],[0.36497862 0.3584817 ]
64,[0.85440524 0.24947868],[0.20871966 0.43331443]
65,[0.31600202 0.43205509],[0.68420649 0.30534615]
66,[0.49214952 0.27526905],[0.20192996 0.42738696]
67,[0.60305611 0.21290933],[0.10515492 0.26101487]
68,[0.85440524 0.24947868],[0.89549785 0.2798473 ]
69,[0.85440524 0.24947868],[0.68420649 0.30534615]
70,[0.85440524 0.24947868],[0.20871966 0.43331443]
71,[0.85440524 0.24947868],[0.89549785 0.2798473 ]
72,[0.95509304 0.29983559],[0.89549785 0.2798473 ]
73,[0.31600202 0.43205509],[0.20142947 0.43081917]
74,[0.85440524 0.24947868],[0.36497862 0.3584817 ]
75,[0.85440524 0.24947868],[0.68420649 0.30534615]
76,[0.72889666 0.18929338],[0.10515492 0.26101487]
77,[0.72889666 0.18929338],[0.20192996 0.42738696]
78,[0.95509304 0.29983559],[0.89549785 0.2798473 ]
79,[0.49214952 0.27526905],[0.36497862 0.3584817 ]
80,[0.27765471 0.42887317],[0.89549785 0.2798473 ]
81,[0.85440524 0.24947868],[0.24274336 0.43442132]
82,[0.60305611 0.21290933],[0.89549785 0.2798473 ]
83,[0.31600202 0.43205509],[0.89549785 0.2798473 ]
84,[0.31600202 0.43205509],[0.47564671 0.35826071]
85,[0.72889666 0.18929338],[0.68420649 0.30534615]
86,[0.60305611 0.21290933],[0.89549785 0.2798473 ]
87,[0.85440524 0.24947868],[0.20142947 0.43081917]
88,[0.27765471 0.42887317],[0.20871966 0.43331443]
89,[0.49214952 0.27526905],[0.20192996 0.42738696]
90,[0.85440524 0.24947868],[0.89549785 0.2798473 ]
91,[0.29924229 0.43066443],[0.20192996 0.42738696]
92,[0.29924229 0.43066443],[0.89549785 0.2798473 ]
93,[0.72889666 0.18929338],[0.89549785 0.2798473 ]
94,[0.60305611 0.21290933],[0.89549785 0.2798473 ]
95,[0.85440524 0.24947868],[0.10515492 0.26101487]
96,[0.85440524 0.24947868],[0.24274336 0.43442132]
97,[0.60305611 0.21290933],[0.47564671 0.35826071]
98,[0.49214952 0.27526905],[0.20192996 0.42738696]
99,[0.31600202 0.43205509],[0.89549785 0.2798473 ]
100,[0.72889666 0.18929338],[0.47564671 0.35826071]
101,[0.29924229 0.43066443],[0.20142947 0.43081917]
102,[0.85440524 0.24947868],[0.20142947 0.43081917]
103,[0.85440524 0.24947868],[0.68420649 0.30534615]
104,[0.85440524 0.24947868],[0.89549785 0.2798473 ]
105,[0.60305611 0.21290933],[0.47564671 0.35826071]
106,[0.27765471 0.42887317],[0.24274336 0.43442132]
107,[0.60305611 0.21290933],[0.89549785 0.2798473 ]
108,[0.49214952 0.27526905],[0.89549785 0.2798473 ]
109,[0.49214952 0.27526905],[0.47564671 0.35826071]
110,[0.85440524 0.24947868],[0.20142947 0.43081917]
111,[0.27765471 0.42887317],[0.36497862 0.3584817 ]
112,[0.95509304 0.29983559],[0.36497862 0.3584817 ]
113,[0.85440524 0.24947868],[0.20192996 0.42738696]
114,[0.27765471 0.42887317],[0.20871966 0.43331443]
115,[0.95509304 0.29983559],[0.36497862 0.3584817 ]
116,[0.60305611 0.21290933],[0.36497862 0.3584817 ]
117,[0.25012516 0.42658887],[0.36497862 0.3584817 ]
118,[0.85440524 0.24947868],[0.20871966 0.43331443]
119,[0.29924229 0.43066443],[0.36497862 0.3584817 ]
120,[0.85440524 0.24947868],[0.89549785 0.2798473 ]
121,[0.85440524 0.24947868],[0.68420649 0.30534615]
122,[0.72889666 0.18929338],[0.20871966 0.43331443]
123,[0.85440524 0.24947868],[0.20871966 0.43331443]
124,[0.31600202 0.43205509],[0.20871966 0.43331443]
125,[0.29924229 0.43066443],[0.68420649 0.30534615]
126,[0.25012516 0.42658887],[0.36497862 0.3584817 ]
127,[0.85440524 0.24947868],[0.10515492 0.26101487]
128,[0.85440524 0.24947868],[0.20192996 0.42738696]
129,[0.31600202 0.43205509],[0.20871966 0.43331443]
130,[0.85440524 0.24947868],[0.20142947 0.43081917]
131,[0.27765471 0.42887317],[0.47564671 0.35826071]
132,[0.85440524 0.24947868],[0.36497862 0.3584817 ]
133,[0.60305611 0.21290933],[0.20871966 0.43331443]
134,[0.27765471 0.42887317],[0.10515492 0.26101487]
135,[0.85440524 0.24947868],[0.68420649 0.30534615]
136,[0.85440524 0.24947868],[0.20192996 0.42738696]
137,[0.95509304 0.29983559],[0.36497862 0.3584817 ]
138,[0.95509304 0.29983559],[0.47564671 0.35826071]
139,[0.31600202 0.43205509],[0.47564671 0.35826071]
140,[0.25012516 0.42658887],[0.36497862 0.3584817 ]
141,[0.85440524 0.24947868],[0.47564671 0.35826071]
142,[0.85440524 0.24947868],[0.47564671 0.35826071]
143,[0.72889666 0.18929338],[0.47564671 0.35826071]
144,[0.95509304 0.29983559],[0.47564671 0.35826071]
145,[0.60305611 0.21290933],[0.89549785 0.2798473 ]
146,[0.31600202 0.43205509],[0.89549785 0.2798473 ]
147,[0.27765471 0.42887317],[0.20871966 0.43331443]
148,[0.29924229 0.43066443],[0.24274336 0.43442132]
149,[0.25012516 0.42658887],[0.20142947 0.43081917]
150,[0.31600202 0.43205509],[0.36497862 0.3584817 ]
151,[0.95509304 0.29983559],[0.20192996 0.42738696]
152,[0.60305611 0.21290933],[0.24274336 0.43442132]
153,[0.85440524 0.24947868],[0.89549785 0.2798473 ]
154,[0.49214952 0.27526905],[0.20192996 0.42738696]
155,[0.29924229 0.43066443],[0.47564671 0.35826071]
156,[0.85440524 0.24947868],[0.10515492 0.26101487]
157,[0.25012516 0.42658887],[0.36497862 0.3584817 ]
158,[0.25012516 0.42658887],[0.89549785 0.2798473 ]
159,[0.85440524 0.24947868],[0.10515492 0.26101487]
160,[0.49214952 0.27526905],[0.89549785 0.2798473 ]
161,[0.85440524 0.24947868],[0.10515492 0.26101487]
162,[0.31600202 0.43205509],[0.89549785 0.2798473 ]
163,[0.31600202 0.43205509],[0.20192996 0.42738696]
164,[0.29924229 0.43066443],[0.89549785 0.2798473 ]
165,[0.72889666 0.18929338],[0.89549785 0.2798473 ]
166,[0.31600202 0.43205509],[0.89549785 0.2798473 ]
167,[0.85440524 0.24947868],[0.20871966 0.43331443]
168,[0.85440524 0.24947868],[0.10515492 0.26101487]
169,[0.60305611 0.21290933],[0.36497862 0.3584817 ]
170,[0.85440524 0.24947868],[0.47564671 0.35826071]
171,[0.72889666 0.18929338],[0.89549785 0.2798473 ]
172,[0.27765471 0.42887317],[0.47564671 0.35826071]
173,[0.72889666 0.18929338],[0.47564671 0.35826071]
174,[0.31600202 0.43205509],[0.68420649 0.30534615]
175,[0.49214952 0.27526905],[0.89549785 0.2798473 ]
176,[0.31600202 0.43205509],[0.20871966 0.43331443]
177,[0.31600202 0.43205509],[0.20192996 0.42738696]
178,[0.85440524 0.24947868],[0.24274336 0.43442132]
179,[0.60305611 0.21290933],[0.68420649 0.30534615]
180,[0.29924229 0.43066443],[0.89549785 0.2798473 ]
181,[0.25012516 0.42658887],[0.47564671 0.35826071]
182,[0.95509304 0.29983559],[0.20192996 0.42738696]
183,[0.31600202 0.43205509],[0.89549785 0.2798473 ]
184,[0.95509304 0.29983559],[0.47564671 0.35826071]
185,[0.27765471 0.42887317],[0.68420649 0.30534615]
186,[0.72889666 0.18929338],[0.89549785 0.2798473 ]
187,[0.25012516 0.42658887],[0.20192996 0.42738696]
188,[0.72889666 0.18929338],[0.20871966 0.43331443]
189,[0.95509304 0.29983559],[0.47564671 0.35826071]
190,[0.60305611 0.21290933],[0.68420649 0.30534615]
191,[0.85440524 0.24947868],[0.47564671 0.35826071]
192,[0.85440524 0.24947868],[0.20142947 0.43081917]
193,[0.27765471 0.42887317],[0.89549785 0.2798473 ]
194,[0.85440524 0.24947868],[0.36497862 0.3584817 ]
195,[0.49214952 0.27526905],[0.47564671 0.35826071]
196,[0.25012516 0.42658887],[0.68420649 0.30534615]
197,[0.25012516 0.42658887],[0.20192996 0.42738696]
198,[0.95509304 0.29983559],[0.68420649 0.30534615]
199,[0.29924229 0.43066443],[0.24274336 0.43442132]
200,[0.29924229 0.43066443],[0.68420649 0.30534615]
201,[0.60305611 0.21290933],[0.20192996 0.42738696]
202,[0.27765471 0.42887317],[0.20192996 0.42738696]
203,[0.85440524 0.24947868],[0.36497862 0.3584817 ]
204,[0.49214952 0.27526905],[0.20192996 0.42738696]
205,[0.85440524 0.24947868],[0.10515492 0.26101487]
206,[0.27765471 0.42887317],[0.68420649 0.30534615]
207,[0.60305611 0.21290933],[0.36497862 0.3584817 ]
208,[0.72889666 0.18929338],[0.20192996 0.42738696]
209,[0.29924229 0.43066443],[0.10515492 0.26101487]
210,[0.85440524 0.24947868],[0.68420649 0.30534615]
211,[0.85440524 0.24947868],[0.89549785 0.2798473 ]
212,[0.72889666 0.18929338],[0.24274336 0.43442132]
213,[0.72889666 0.18929338],[0.89549785 0.2798473 ]
214,[0.85440524 0.24947868],[0.20871966 0.43331443]
215,[0.49214952 0.27526905],[0.20871966 0.43331443]
216,[0.85440524 0.24947868],[0.36497862 0.3584817 ]
217,[0.85440524 0.24947868],[0.89549785 0.2798473 ]
218,[0.27765471 0.42887317],[0.20142947 0.43081917]
219,[0.85440524 0.24947868],[0.47564671 0.35826071]
220,[0.27765471 0.42887317],[0.36497862 0.3584817 ]
221,[0.72889666 0.18929338],[0.20192996 0.42738696]
222,[0.25012516 0.42658887],[0.24274336 0.43442132]
223,[0.85440524 0.24947868],[0.20142947 0.43081917]
224,[0.25012516 0.42658887],[0.20142947 0.43081917]
225,[0.60305611 0.21290933],[0.10515492 0.26101487]
226,[0.25012516 0.42658887],[0.20142947 0.43081917]
227,[0.31600202 0.43205509],[0.47564671 0.35826071]
228,[0.85440524 0.24947868],[0.20142947 0.43081917]
229,[0.85440524 0.24947868],[0.20142947 0.43081917]
230,[0.60305611 0.21290933],[0.89549785 0.2798473 ]
231,[0.72889666 0.18929338],[0.89549785 0.2798473 ]
232,[0.72889666 0.18929338],[0.10515492 0.26101487]
233,[0.60305611 0.21290933],[0.20871966 0.43331443]
234,[0.25012516 0.42658887],[0.20871966 0.43331443]
235,[0.49214952 0.27526905],[0.10515492 0.26101487]
236,[0.72889666 0.18929338],[0.68420649 0.30534615]
237,[0.31600202 0.43205509],[0.89549785 0.2798473 ]
238,[0.31600202 0.43205509],[0.20192996 0.42738696]
239,[0.49214952 0.27526905],[0.36497862 0.3584817 ]
240,[0.72889666 0.18929338],[0.24274336 0.43442132]
241,[0.95509304 0.29983559],[0.89549785 0.2798473 ]
242,[0.49214952 0.27526905],[0.10515492 0.26101487]
243,[0.85440524 0.24947868],[0.20142947 0.43081917]
244,[0.85440524 0.24947868],[0.47564671 0.35826071]
245,[0.29924229 0.43066443],[0.47564671 0.35826071]
246,[0.29924229 0.43066443],[0.47564671 0.35826071]
247,[0.95509304 0.29983559],[0.36497862 0.3584817 ]
248,[0.29924229 0.43066443],[0.68420649 0.30534615]
249,[0.60305611 0.21290933],[0.10515492 0.26101487]
250,[0.49214952 0.27526905],[0.20192996 0.42738696]
251,[0.49214952 0.27526905],[0.36497862 0.3584817 ]
252,[0.31600202 0.43205509],[0.68420649 0.30534615]
253,[0.25012516 0.42658887],[0.20142947 0.43081917]
254,[0.85440524 0.24947868],[0.89549785 0.2798473 ]
255,[0.29924229 0.43066443],[0.20871966 0.43331443]
256,[0.60305611 0.21290933],[0.89549785 0.2798473 ]
257,[0.72889666 0.18929338],[0.10515492 0.26101487]
258,[0.49214952 0.27526905],[0.89549785 0.2798473 ]
259,[0.72889666 0.18929338],[0.36497862 0.3584817 ]
260,[0.31600202 0.43205509],[0.68420649 0.30534615]
261,[0.60305611 0.21290933],[0.20871966 0.43331443]
262,[0.72889666 0.18929338],[0.68420649 0.30534615]
263,[0.60305611 0.21290933],[0.20871966 0.43331443]
264,[0.85440524 0.24947868],[0.47564671 0.35826071]
265,[0.31600202 0.43205509],[0.20192996 0.42738696]
266,[0.72889666 0.18929338],[0.47564671 0.35826071]
267,[0.72889666 0.18929338],[0.10515492 0.26101487]
268,[0.49214952 0.27526905],[0.68420649 0.30534615]
269,[0.25012516 0.42658887],[0.20192996 0.42738696]
270,[0.85440524 0.24947868],[0.20192996 0.42738696]
271,[0.31600202 0.43205509],[0.10515492 0.26101487]
272,[0.25012516 0.42658887],[0.20192996 0.42738696]
273,[0.85440524 0.24947868],[0.68420649 0.30534615]
274,[0.85440524 0.24947868],[0.36497862 0.3584817 ]
275,[0.31600202 0.43205509],[0.20192996 0.42738696]
276,[0.85440524 0.24947868],[0.68420649 0.30534615]
277,[0.49214952 0.27526905],[0.10515492 0.26101487]
278,[0.85440524 0.24947868],[0.47564671 0.35826071]
279,[0.49214952 0.27526905],[0.20871966 0.43331443]
280,[0.27765471 0.42887317],[0.47564671 0.35826071]
281,[0.29924229 0.43066443],[0.24274336 0.43442132]
282,[0.60305611 0.21290933],[0.20142947 0.43081917]
283,[0.85440524 0.24947868],[0.47564671 0.35826071]
284,[0.31600202 0.43205509],[0.47564671 0.35826071]
285,[0.72889666 0.18929338],[0.20192996 0.42738696]
286,[0.60305611 0.21290933],[0.20871966 0.43331443]
287,[0.27765471 0.42887317],[0.24274336 0.43442132]
288,[0.29924229 0.43066443],[0.68420649 0.30534615]
289,[0.95509304 0.29983559],[0.89549785 0.2798473 ]
290,[0.85440524 0.24947868],[0.47564671 0.35826071]
291,[0.31600202 0.43205509],[0.24274336 0.43442132]
292,[0.49214952 0.27526905],[0.20192996 0.42738696]
293,[0.85440524 0.24947868],[0.89549785 0.2798473 ]
294,[0.27765471 0.42887317],[0.10515492 0.26101487]
295,[0.95509304 0.29983559],[0.20142947 0.43081917]
296,[0.85440524 0.24947868],[0.20192996 0.42738696]
297,[0.31600202 0.43205509],[0.24274336 0.43442132]
298,[0.29924229 0.43066443],[0.20871966 0.43331443]
299,[0.85440524 0.24947868],[0.20192996 0.42738696]
300,[0.29924229 0.43066443],[0.24274336 0.43442132]
301,[0.25012516 0.42658887],[0.10515492 0.26101487]
302,[0.49214952 0.27526905],[0.20142947 0.43081917]
303,[0.27765471 0.42887317],[0.36497862 0.3584817 ]
304,[0.85440524 0.24947868],[0.10515492 0.26101487]
305,[0.72889666 0.18929338],[0.36497862 0.3584817 ]
306,[0.27765471 0.42887317],[0.89549785 0.2798473 ]
307,[0.27765471 0.42887317],[0.20871966 0.43331443]
308,[0.72889666 0.18929338],[0.89549785 0.2798473 ]
309,[0.85440524 0.24947868],[0.20871966 0.43331443]
310,[0.85440524 0.24947868],[0.36497862 0.3584817 ]
311,[0.95509304 0.29983559],[0.10515492 0.26101487]
312,[0.95509304 0.29983559],[0.24274336 0.43442132]
313,[0.85440524 0.24947868],[0.47564671 0.35826071]
314,[0.49214952 0.27526905],[0.24274336 0.43442132]
315,[0.25012516 0.42658887],[0.47564671 0.35826071]
316,[0.29924229 0.43066443],[0.36497862 0.3584817 ]
317,[0.72889666 0.18929338],[0.24274336 0.43442132]
318,[0.85440524 0.24947868],[0.20871966 0.43331443]
319,[0.29924229 0.43066443],[0.20871966 0.43331443]
320,[0.60305611 0.21290933],[0.89549785 0.2798473 ]
321,[0.49214952 0.27526905],[0.20871966 0.43331443]
322,[0.72889666 0.18929338],[0.36497862 0.3584817 ]
323,[0.60305611 0.21290933],[0.68420649 0.30534615]
324,[0.95509304 0.29983559],[0.20192996 0.42738696]
325,[0.85440524 0.24947868],[0.20192996 0.42738696]
326,[0.27765471 0.42887317],[0.36497862 0.3584817 ]
327,[0.49214952 0.27526905],[0.89549785 0.2798473 ]
328,[0.85440524 0.24947868],[0.20192996 0.42738696]
329,[0.27765471 0.42887317],[0.89549785 0.2798473 ]
330,[0.60305611 0.21290933],[0.20871966 0.43331443]
331,[0.60305611 0.21290933],[0.89549785 0.2798473 ]
332,[0.60305611 0.21290933],[0.24274336 0.43442132]
333,[0.49214952 0.27526905],[0.10515492 0.26101487]
334,[0.31600202 0.43205509],[0.47564671 0.35826071]
335,[0.29924229 0.43066443],[0.20142947 0.43081917]
336,[0.95509304 0.29983559],[0.36497862 0.3584817 ]
337,[0.60305611 0.21290933],[0.20192996 0.42738696]
338,[0.95509304 0.29983559],[0.47564671 0.35826071]
339,[0.31600202 0.43205509],[0.10515492 0.26101487]
340,[0.49214952 0.27526905],[0.89549785 0.2798473 ]
341,[0.85440524 0.24947868],[0.47564671 0.35826071]
342,[0.27765471 0.42887317],[0.89549785 0.2798473 ]
343,[0.27765471 0.42887317],[0.68420649 0.30534615]
344,[0.29924229 0.43066443],[0.89549785 0.2798473 ]
345,[0.85440524 0.24947868],[0.68420649 0.30534615]
346,[0.25012516 0.42658887],[0.89549785 0.2798473 ]
347,[0.25012516 0.42658887],[0.24274336 0.43442132]
348,[0.60305611 0.21290933],[0.24274336 0.43442132]
349,[0.29924229 0.43066443],[0.68420649 0.30534615]
350,[0.49214952 0.27526905],[0.20142947 0.43081917]
351,[0.85440524 0.24947868],[0.89549785 0.2798473 ]
352,[0.85440524 0.24947868],[0.24274336 0.43442132]
353,[0.72889666 0.18929338],[0.24274336 0.43442132]
354,[0.49214952 0.27526905],[0.20871966 0.43331443]
355,[0.85440524 0.24947868],[0.36497862 0.3584817 ]
356,[0.49214952 0.27526905],[0.47564671 0.35826071]
357,[0.85440524 0.24947868],[0.20142947 0.43081917]
358,[0.95509304 0.29983559],[0.10515492 0.26101487]
359,[0.85440524 0.24947868],[0.20871966 0.43331443]
360,[0.60305611 0.21290933],[0.24274336 0.43442132]
361,[0.31600202 0.43205509],[0.89549785 0.2798473 ]
362,[0.31600202 0.43205509],[0.24274336 0.43442132]
363,[0.29924229 0.43066443],[0.36497862 0.3584817 ]
364,[0.95509304 0.29983559],[0.20192996 0.42738696]
365,[0.72889666 0.18929338],[0.47564671 0.35826071]
366,[0.85440524 0.24947868],[0.20871966 0.43331443]
367,[0.95509304 0.29983559],[0.47564671 0.35826071]
368,[0.72889666 0.18929338],[0.10515492 0.26101487]
369,[0.27765471 0.42887317],[0.20871966 0.43331443]
370,[0.85440524 0.24947868],[0.10515492 0.26101487]
371,[0.29924229 0.43066443],[0.68420649 0.30534615]
372,[0.95509304 0.29983559],[0.10515492 0.26101487]
373,[0.85440524 0.24947868],[0.10515492 0.26101487]
374,[0.72889666 0.18929338],[0.20142947 0.43081917]
375,[0.72889666 0.18929338],[0.20142947 0.43081917]
376,[0.60305611 0.21290933],[0.20142947 0.43081917]
377,[0.60305611 0.21290933],[0.24274336 0.43442132]
378,[0.85440524 0.24947868],[0.10515492 0.26101487]
379,[0.27765471 0.42887317],[0.36497862 0.3584817 ]
380,[0.85440524 0.24947868],[0.68420649 0.30534615]
381,[0.85440524 0.24947868],[0.20871966 0.43331443]
382,[0.29924229 0.43066443],[0.68420649 0.30534615]
383,[0.85440524 0.24947868],[0.89549785 0.2798473 ]
384,[0.29924229 0.43066443],[0.47564671 0.35826071]
385,[0.31600202 0.43205509],[0.20871966 0.43331443]
386,[0.25012516 0.42658887],[0.24274336 0.43442132]
387,[0.49214952 0.27526905],[0.20871966 0.43331443]
388,[0.85440524 0.24947868],[0.47564671 0.35826071]
389,[0.95509304 0.29983559],[0.89549785 0.2798473 ]
390,[0.31600202 0.43205509],[0.36497862 0.3584817 ]
391,[0.60305611 0.21290933],[0.89549785 0.2798473 ]
392,[0.29924229 0.43066443],[0.10515492 0.26101487]
393,[0.49214952 0.27526905],[0.20142947 0.43081917]
394,[0.60305611 0.21290933],[0.10515492 0.26101487]
395,[0.85440524 0.24947868],[0.89549785 0.2798473 ]
396,[0.27765471 0.42887317],[0.24274336 0.43442132]
397,[0.85440524 0.24947868],[0.36497862 0.3584817 ]
398,[0.85440524 0.24947868],[0.10515492 0.26101487]
399,[0.49214952 0.27526905],[0.89549785 0.2798473 ]
400,[0.29924229 0.43066443],[0.10515492 0.26101487]
401,[0.25012516 0.42658887],[0.47564671 0.35826071]
402,[0.85440524 0.24947868],[0.89549785 0.2798473 ]
403,[0.95509304 0.29983559],[0.89549785 0.2798473 ]
404,[0.85440524 0.24947868],[0.89549785 0.2798473 ]
405,[0.49214952 0.27526905],[0.89549785 0.2798473 ]
406,[0.29924229 0.43066443],[0.89549785 0.2798473 ]
407,[0.25012516 0.42658887],[0.20871966 0.43331443]
408,[0.72889666 0.18929338],[0.47564671 0.35826071]
409,[0.27765471 0.42887317],[0.20142947 0.43081917]
410,[0.29924229 0.43066443],[0.47564671 0.35826071]
411,[0.25012516 0.42658887],[0.20871966 0.43331443]
412,[0.85440524 0.24947868],[0.20871966 0.43331443]
413,[0.95509304 0.29983559],[0.20192996 0.42738696]
414,[0.72889666 0.18929338],[0.47564671 0.35826071]
415,[0.49214952 0.27526905],[0.89549785 0.2798473 ]
416,[0.31600202 0.43205509],[0.20871966 0.43331443]
417,[0.85440524 0.24947868],[0.10515492 0.26101487]
418,[0.85440524 0.24947868],[0.36497862 0.3584817 ]
419,[0.29924229 0.43066443],[0.20871966 0.43331443]
420,[0.72889666 0.18929338],[0.89549785 0.2798473 ]
421,[0.95509304 0.29983559],[0.47564671 0.35826071]
422,[0.60305611 0.21290933],[0.20142947 0.43081917]
423,[0.95509304 0.29983559],[0.20871966 0.43331443]
424,[0.27765471 0.42887317],[0.24274336 0.43442132]
425,[0.60305611 0.21290933],[0.24274336 0.43442132]
426,[0.95509304 0.29983559],[0.89549785 0.2798473 ]
427,[0.31600202 0.43205509],[0.20871966 0.43331443]
428,[0.49214952 0.27526905],[0.89549785 0.2798473 ]
429,[0.95509304 0.29983559],[0.20142947 0.43081917]
430,[0.31600202 0.43205509],[0.24274336 0.43442132]
431,[0.49214952 0.27526905],[0.20142947 0.43081917]
432,[0.27765471 0.42887317],[0.20192996 0.42738696]
433,[0.85440524 0.24947868],[0.10515492 0.26101487]
434,[0.31600202 0.43205509],[0.68420649 0.30534615]
435,[0.72889666 0.18929338],[0.10515492 0.26101487]
436,[0.85440524 0.24947868],[0.47564671 0.35826071]
437,[0.85440524 0.24947868],[0.24274336 0.43442132]
438,[0.60305611 0.21290933],[0.68420649 0.30534615]
439,[0.85440524 0.24947868],[0.10515492 0.26101487]
440,[0.60305611 0.21290933],[0.89549785 0.2798473 ]
441,[0.27765471 0.42887317],[0.89549785 0.2798473 ]
442,[0.60305611 0.21290933],[0.20142947 0.43081917]
443,[0.27765471 0.42887317],[0.47564671 0.35826071]
444,[0.25012516 0.42658887],[0.10515492 0.26101487]
445,[0.60305611 0.21290933],[0.10515492 0.26101487]
446,[0.29924229 0.43066443],[0.68420649 0.30534615]
447,[0.95509304 0.29983559],[0.68420649 0.30534615]
448,[0.49214952 0.27526905],[0.24274336 0.43442132]
449,[0.85440524 0.24947868],[0.20871966 0.43331443]
450,[0.25012516 0.42658887],[0.47564671 0.35826071]
451,[0.85440524 0.24947868],[0.47564671 0.35826071]
452,[0.25012516 0.42658887],[0.20192996 0.42738696]
453,[0.49214952 0.27526905],[0.24274336 0.43442132]
454,[0.29924229 0.43066443],[0.20192996 0.42738696]
455,[0.72889666 0.18929338],[0.36497862 0.3584817 ]
456,[0.49214952 0.27526905],[0.24274336 0.43442132]
457,[0.60305611 0.21290933],[0.20192996 0.42738696]
458,[0.25012516 0.42658887],[0.10515492 0.26101487]
459,[0.72889666 0.18929338],[0.20871966 0.43331443]
460,[0.49214952 0.27526905],[0.10515492 0.26101487]
461,[0.85440524 0.24947868],[0.20142947 0.43081917]
462,[0.72889666 0.18929338],[0.20192996 0.42738696]
463,[0.60305611 0.21290933],[0.20192996 0.42738696]
464,[0.95509304 0.29983559],[0.20871966 0.43331443]
465,[0.31600202 0.43205509],[0.36497862 0.3584817 ]
466,[0.85440524 0.24947868],[0.20192996 0.42738696]
467,[0.29924229 0.43066443],[0.89549785 0.2798473 ]
468,[0.85440524 0.24947868],[0.20192996 0.42738696]
469,[0.72889666 0.18929338],[0.10515492 0.26101487]
470,[0.72889666 0.18929338],[0.89549785 0.2798473 ]
471,[0.85440524 0.24947868],[0.20142947 0.43081917]
472,[0.49214952 0.27526905],[0.47564671 0.35826071]
473,[0.72889666 0.18929338],[0.89549785 0.2798473 ]
474,[0.60305611 0.21290933],[0.36497862 0.3584817 ]
475,[0.31600202 0.43205509],[0.20871966 0.43331443]
476,[0.31600202 0.43205509],[0.36497862 0.3584817 ]
477,[0.31600202 0.43205509],[0.47564671 0.35826071]
478,[0.49214952 0.27526905],[0.20871966 0.43331443]
479,[0.60305611 0.21290933],[0.20192996 0.42738696]
480,[0.29924229 0.43066443],[0.47564671 0.35826071]
481,[0.72889666 0.18929338],[0.24274336 0.43442132]
482,[0.60305611 0.21290933],[0.20142947 0.43081917]
483,[0.95509304 0.29983559],[0.36497862 0.3584817 ]
484,[0.27765471 0.42887317],[0.89549785 0.2798473 ]
485,[0.49214952 0.27526905],[0.36497862 0.3584817 ]
486,[0.31600202 0.43205509],[0.36497862 0.3584817 ]
487,[0.27765471 0.42887317],[0.47564671 0.35826071]
488,[0.85440524 0.24947868],[0.36497862 0.3584817 ]
489,[0.85440524 0.24947868],[0.47564671 0.35826071]
490,[0.27765471 0.42887317],[0.20192996 0.42738696]
491,[0.31600202 0.43205509],[0.36497862 0.3584817 ]
492,[0.27765471 0.42887317],[0.20871966 0.43331443]
493,[0.85440524 0.24947868],[0.89549785 0.2798473 ]
494,[0.31600202 0.43205509],[0.20871966 0.43331443]
495,[0.25012516 0.42658887],[0.36497862 0.3584817 ]
496,[0.49214952 0.27526905],[0.10515492 0.26101487]
497,[0.29924229 0.43066443],[0.20142947 0.43081917]
498,[0.25012516 0.42658887],[0.20142947 0.43081917]
499,[0.60305611 0.21290933],[0.68420649 0.30534615]
500,[0.72889666 0.18929338],[0.10515492 0.26101487]
501,[0.31600202 0.43205509],[0.47564671 0.35826071]
502,[0.27765471 0.42887317],[0.20142947 0.43081917]
503,[0.31600202 0.43205509],[0.36497862 0.3584817 ]
504,[0.60305611 0.21290933],[0.24274336 0.43442132]
505,[0.60305611 0.21290933],[0.47564671 0.35826071]
506,[0.95509304 0.29983559],[0.10515492 0.26101487]
507,[0.60305611 0.21290933],[0.47564671 0.35826071]
508,[0.60305611 0.21290933],[0.47564671 0.35826071]
509,[0.49214952 0.27526905],[0.89549785 0.2798473 ]
510,[0.49214952 0.27526905],[0.20142947 0.43081917]
511,[0.60305611 0.21290933],[0.47564671 0.35826071]
512,[0.60305611 0.21290933],[0.68420649 0.30534615]
513,[0.25012516 0.42658887],[0.89549785 0.2798473 ]
514,[0.49214952 0.27526905],[0.20142947 0.43081917]
515,[0.85440524 0.24947868],[0.20871966 0.43331443]
516,[0.25012516 0.42658887],[0.24274336 0.43442132]
517,[0.27765471 0.42887317],[0.20142947 0.43081917]
518,[0.29924229 0.43066443],[0.36497862 0.3584817 ]
519,[0.25012516 0.42658887],[0.47564671 0.35826071]
520,[0.49214952 0.27526905],[0.89549785 0.2798473 ]
521,[0.49214952 0.27526905],[0.20192996 0.42738696]
522,[0.49214952 0.27526905],[0.20871966 0.43331443]
523,[0.60305611 0.21290933],[0.24274336 0.43442132]
524,[0.85440524 0.24947868],[0.68420649 0.30534615]
525,[0.85440524 0.24947868],[0.20142947 0.43081917]
526,[0.85440524 0.24947868],[0.20142947 0.43081917]
527,[0.31600202 0.43205509],[0.24274336 0.43442132]
528,[0.27765471 0.42887317],[0.36497862 0.3584817 ]
529,[0.27765471 0.42887317],[0.89549785 0.2798473 ]
530,[0.29924229 0.43066443],[0.89549785 0.2798473 ]
531,[0.27765471 0.42887317],[0.47564671 0.35826071]
532,[0.25012516 0.42658887],[0.89549785 0.2798473 ]
533,[0.60305611 0.21290933],[0.89549785 0.2798473 ]
534,[0.27765471 0.42887317],[0.20871966 0.43331443]
535,[0.95509304 0.29983559],[0.24274336 0.43442132]
536,[0.95509304 0.29983559],[0.24274336 0.43442132]
537,[0.72889666 0.18929338],[0.20192996 0.42738696]
538,[0.85440524 0.24947868],[0.20192996 0.42738696]
539,[0.60305611 0.21290933],[0.89549785 0.2798473 ]
540,[0.31600202 0.43205509],[0.10515492 0.26101487]
541,[0.85440524 0.24947868],[0.20192996 0.42738696]
542,[0.60305611 0.21290933],[0.20871966 0.43331443]
543,[0.72889666 0.18929338],[0.20871966 0.43331443]
544,[0.72889666 0.18929338],[0.20192996 0.42738696]
545,[0.27765471 0.42887317],[0.68420649 0.30534615]
546,[0.72889666 0.18929338],[0.89549785 0.2798473 ]
547,[0.25012516 0.42658887],[0.89549785 0.2798473 ]
548,[0.95509304 0.29983559],[0.89549785 0.2798473 ]
549,[0.29924229 0.43066443],[0.36497862 0.3584817 ]
550,[0.25012516 0.42658887],[0.89549785 0.2798473 ]
551,[0.27765471 0.42887317],[0.89549785 0.2798473 ]
552,[0.25012516 0.42658887],[0.20142947 0.43081917]
553,[0.60305611 0.21290933],[0.68420649 0.30534615]
554,[0.29924229 0.43066443],[0.24274336 0.43442132]
555,[0.29924229 0.43066443],[0.10515492 0.26101487]
556,[0.85440524 0.24947868],[0.47564671 0.35826071]
557,[0.85440524 0.24947868],[0.47564671 0.35826071]
558,[0.85440524 0.24947868],[0.47564671 0.35826071]
559,[0.85440524 0.24947868],[0.24274336 0.43442132]
560,[0.25012516 0.42658887],[0.89549785 0.2798473 ]
561,[0.49214952 0.27526905],[0.10515492 0.26101487]
562,[0.95509304 0.29983559],[0.89549785 0.2798473 ]
563,[0.95509304 0.29983559],[0.89549785 0.2798473 ]
564,[0.49214952 0.27526905],[0.20142947 0.43081917]
565,[0.49214952 0.27526905],[0.10515492 0.26101487]
566,[0.85440524 0.24947868],[0.89549785 0.2798473 ]
567,[0.60305611 0.21290933],[0.36497862 0.3584817 ]
568,[0.95509304 0.29983559],[0.89549785 0.2798473 ]
569,[0.29924229 0.43066443],[0.47564671 0.35826071]
570,[0.85440524 0.24947868],[0.20192996 0.42738696]
571,[0.85440524 0.24947868],[0.36497862 0.3584817 ]
572,[0.95509304 0.29983559],[0.89549785 0.2798473 ]
573,[0.49214952 0.27526905],[0.20192996 0.42738696]
574,[0.72889666 0.18929338],[0.89549785 0.2798473 ]
575,[0.85440524 0.24947868],[0.20192996 0.42738696]
576,[0.95509304 0.29983559],[0.24274336 0.43442132]
577,[0.72889666 0.18929338],[0.36497862 0.3584817 ]
578,[0.31600202 0.43205509],[0.10515492 0.26101487]
579,[0.60305611 0.21290933],[0.20871966 0.43331443]
580,[0.31600202 0.43205509],[0.20192996 0.42738696]
581,[0.85440524 0.24947868],[0.24274336 0.43442132]
582,[0.60305611 0.21290933],[0.47564671 0.35826071]
583,[0.27765471 0.42887317],[0.89549785 0.2798473 ]
584,[0.31600202 0.43205509],[0.20192996 0.42738696]
585,[0.95509304 0.29983559],[0.89549785 0.2798473 ]
586,[0.49214952 0.27526905],[0.68420649 0.30534615]
587,[0.95509304 0.29983559],[0.68420649 0.30534615]
588,[0.95509304 0.29983559],[0.20871966 0.43331443]
589,[0.29924229 0.43066443],[0.20871966 0.43331443]
590,[0.85440524 0.24947868],[0.89549785 0.2798473 ]
591,[0.85440524 0.24947868],[0.24274336 0.43442132]
592,[0.85440524 0.24947868],[0.89549785 0.2798473 ]
593,[0.85440524 0.24947868],[0.24274336 0.43442132]
594,[0.60305611 0.21290933],[0.89549785 0.2798473 ]
595,[0.31600202 0.43205509],[0.36497862 0.3584817 ]
596,[0.29924229 0.43066443],[0.47564671 0.35826071]
597,[0.27765471 0.42887317],[0.89549785 0.2798473 ]
598,[0.27765471 0.42887317],[0.20142947 0.43081917]
599,[0.72889666 0.18929338],[0.10515492 0.26101487]
600,[0.49214952 0.27526905],[0.89549785 0.2798473 ]
601,[0.85440524 0.24947868],[0.20192996 0.42738696]
602,[0.25012516 0.42658887],[0.20871966 0.43331443]
603,[0.25012516 0.42658887],[0.47564671 0.35826071]
604,[0.25012516 0.42658887],[0.36497862 0.3584817 ]
605,[0.60305611 0.21290933],[0.89549785 0.2798473 ]
606,[0.85440524 0.24947868],[0.89549785 0.2798473 ]
607,[0.60305611 0.21290933],[0.10515492 0.26101487]
608,[0.25012516 0.42658887],[0.89549785 0.2798473 ]
609,[0.25012516 0.42658887],[0.89549785 0.2798473 ]
610,[0.85440524 0.24947868],[0.89549785 0.2798473 ]
611,[0.95509304 0.29983559],[0.68420649 0.30534615]
612,[0.85440524 0.24947868],[0.89549785 0.2798473 ]
613,[0.25012516 0.42658887],[0.89549785 0.2798473 ]
614,[0.72889666 0.18929338],[0.24274336 0.43442132]
615,[0.85440524 0.24947868],[0.68420649 0.30534615]
616,[0.27765471 0.42887317],[0.20192996 0.42738696]
617,[0.29924229 0.43066443],[0.10515492 0.26101487]
618,[0.31600202 0.43205509],[0.20192996 0.42738696]
619,[0.27765471 0.42887317],[0.36497862 0.3584817 ]
620,[0.95509304 0.29983559],[0.20871966 0.43331443]
621,[0.95509304 0.29983559],[0.68420649 0.30534615]
622,[0.25012516 0.42658887],[0.20192996 0.42738696]
623,[0.95509304 0.29983559],[0.24274336 0.43442132]
624,[0.72889666 0.18929338],[0.36497862 0.3584817 ]
625,[0.95509304 0.29983559],[0.89549785 0.2798473 ]
626,[0.49214952 0.27526905],[0.68420649 0.30534615]
627,[0.60305611 0.21290933],[0.68420649 0.30534615]
628,[0.72889666 0.18929338],[0.36497862 0.3584817 ]
629,[0.49214952 0.27526905],[0.89549785 0.2798473 ]
630,[0.95509304 0.29983559],[0.20192996 0.42738696]
631,[0.25012516 0.42658887],[0.68420649 0.30534615]
632,[0.60305611 0.21290933],[0.89549785 0.2798473 ]
633,[0.25012516 0.42658887],[0.89549785 0.2798473 ]
634,[0.49214952 0.27526905],[0.36497862 0.3584817 ]
635,[0.85440524 0.24947868],[0.20142947 0.43081917]
636,[0.31600202 0.43205509],[0.20142947 0.43081917]
637,[0.85440524 0.24947868],[0.20192996 0.42738696]
638,[0.29924229 0.43066443],[0.68420649 0.30534615]
639,[0.60305611 0.21290933],[0.68420649 0.30534615]
640,[0.25012516 0.42658887],[0.68420649 0.30534615]
641,[0.31600202 0.43205509],[0.68420649 0.30534615]
642,[0.31600202 0.43205509],[0.89549785 0.2798473 ]
643,[0.72889666 0.18929338],[0.89549785 0.2798473 ]
644,[0.72889666 0.18929338],[0.89549785 0.2798473 ]
645,[0.85440524 0.24947868],[0.68420649 0.30534615]
646,[0.85440524 0.24947868],[0.20142947 0.43081917]
647,[0.95509304 0.29983559],[0.36497862 0.3584817 ]
648,[0.49214952 0.27526905],[0.89549785 0.2798473 ]
649,[0.25012516 0.42658887],[0.10515492 0.26101487]
650,[0.49214952 0.27526905],[0.36497862 0.3584817 ]
651,[0.29924229 0.43066443],[0.89549785 0.2798473 ]
652,[0.25012516 0.42658887],[0.89549785 0.2798473 ]
653,[0.27765471 0.42887317],[0.36497862 0.3584817 ]
654,[0.31600202 0.43205509],[0.20142947 0.43081917]
655,[0.72889666 0.18929338],[0.89549785 0.2798473 ]
656,[0.31600202 0.43205509],[0.24274336 0.43442132]
657,[0.85440524 0.24947868],[0.10515492 0.26101487]
658,[0.72889666 0.18929338],[0.20142947 0.43081917]
659,[0.85440524 0.24947868],[0.47564671 0.35826071]
660,[0.60305611 0.21290933],[0.20192996 0.42738696]
661,[0.72889666 0.18929338],[0.20871966 0.43331443]
662,[0.31600202 0.43205509],[0.10515492 0.26101487]
663,[0.72889666 0.18929338],[0.89549785 0.2798473 ]
664,[0.31600202 0.43205509],[0.68420649 0.30534615]
665,[0.49214952 0.27526905],[0.20871966 0.43331443]
666,[0.85440524 0.24947868],[0.89549785 0.2798473 ]
667,[0.49214952 0.27526905],[0.89549785 0.2798473 ]
668,[0.49214952 0.27526905],[0.47564671 0.35826071]
669,[0.60305611 0.21290933],[0.47564671 0.35826071]
670,[0.85440524 0.24947868],[0.20871966 0.43331443]
671,[0.85440524 0.24947868],[0.68420649 0.30534615]
672,[0.85440524 0.24947868],[0.20871966 0.43331443]
673,[0.85440524 0.24947868],[0.89549785 0.2798473 ]
674,[0.31600202 0.43205509],[0.10515492 0.26101487]
675,[0.25012516 0.42658887],[0.20142947 0.43081917]
676,[0.72889666 0.18929338],[0.36497862 0.3584817 ]
677,[0.31600202 0.43205509],[0.89549785 0.2798473 ]
678,[0.31600202 0.43205509],[0.24274336 0.43442132]
679,[0.72889666 0.18929338],[0.47564671 0.35826071]
680,[0.49214952 0.27526905],[0.47564671 0.35826071]
681,[0.29924229 0.43066443],[0.20192996 0.42738696]
682,[0.95509304 0.29983559],[0.20871966 0.43331443]
683,[0.72889666 0.18929338],[0.10515492 0.26101487]
684,[0.95509304 0.29983559],[0.24274336 0.43442132]
685,[0.85440524 0.24947868],[0.89549785 0.2798473 ]
686,[0.60305611 0.21290933],[0.24274336 0.43442132]
687,[0.95509304 0.29983559],[0.47564671 0.35826071]
688,[0.49214952 0.27526905],[0.10515492 0.26101487]
689,[0.29924229 0.43066443],[0.20142947 0.43081917]
690,[0.31600202 0.43205509],[0.68420649 0.30534615]
691,[0.29924229 0.43066443],[0.47564671 0.35826071]
692,[0.31600202 0.43205509],[0.47564671 0.35826071]
693,[0.85440524 0.24947868],[0.89549785 0.2798473 ]
694,[0.60305611 0.21290933],[0.89549785 0.2798473 ]
695,[0.85440524 0.24947868],[0.20871966 0.43331443]
696,[0.60305611 0.21290933],[0.89549785 0.2798473 ]
697,[0.25012516 0.42658887],[0.20871966 0.43331443]
698,[0.27765471 0.42887317],[0.89549785 0.2798473 ]
699,[0.49214952 0.27526905],[0.10515492 0.26101487]
700,[0.29924229 0.43066443],[0.20192996 0.42738696]
701,[0.31600202 0.43205509],[0.68420649 0.30534615]
702,[0.29924229 0.43066443],[0.20192996 0.42738696]
703,[0.72889666 0.18929338],[0.20142947 0.43081917]
704,[0.31600202 0.43205509],[0.24274336 0.43442132]
705,[0.31600202 0.43205509],[0.10515492 0.26101487]
706,[0.27765471 0.42887317],[0.36497862 0.3584817 ]
707,[0.85440524 0.24947868],[0.10515492 0.26101487]
708,[0.95509304 0.29983559],[0.20871966 0.43331443]
709,[0.85440524 0.24947868],[0.89549785 0.2798473 ]
710,[0.31600202 0.43205509],[0.20142947 0.43081917]
711,[0.60305611 0.21290933],[0.10515492 0.26101487]
712,[0.72889666 0.18929338],[0.20192996 0.42738696]
713,[0.29924229 0.43066443],[0.20871966 0.43331443]
714,[0.49214952 0.27526905],[0.89549785 0.2798473 ]
715,[0.72889666 0.18929338],[0.24274336 0.43442132]
716,[0.85440524 0.24947868],[0.89549785 0.2798473 ]
717,[0.95509304 0.29983559],[0.10515492 0.26101487]
718,[0.85440524 0.24947868],[0.20142947 0.43081917]
719,[0.31600202 0.43205509],[0.68420649 0.30534615]
720,[0.85440524 0.24947868],[0.47564671 0.35826071]
721,[0.25012516 0.42658887],[0.20871966 0.43331443]
722,[0.49214952 0.27526905],[0.36497862 0.3584817 ]
723,[0.27765471 0.42887317],[0.24274336 0.43442132]
724,[0.72889666 0.18929338],[0.20871966 0.43331443]
725,[0.27765471 0.42887317],[0.20142947 0.43081917]
726,[0.49214952 0.27526905],[0.36497862 0.3584817 ]
727,[0.27765471 0.42887317],[0.10515492 0.26101487]
728,[0.85440524 0.24947868],[0.24274336 0.43442132]
729,[0.31600202 0.43205509],[0.20192996 0.42738696]
730,[0.85440524 0.24947868],[0.20142947 0.43081917]
731,[0.85440524 0.24947868],[0.24274336 0.43442132]
732,[0.49214952 0.27526905],[0.36497862 0.3584817 ]
733,[0.49214952 0.27526905],[0.24274336 0.43442132]
734,[0.95509304 0.29983559],[0.68420649 0.30534615]
735,[0.85440524 0.24947868],[0.20871966 0.43331443]
736,[0.49214952 0.27526905],[0.20142947 0.43081917]
737,[0.31600202 0.43205509],[0.89549785 0.2798473 ]
738,[0.25012516 0.42658887],[0.20192996 0.42738696]
739,[0.85440524 0.24947868],[0.36497862 0.3584817 ]
740,[0.60305611 0.21290933],[0.89549785 0.2798473 ]
741,[0.29924229 0.43066443],[0.20192996 0.42738696]
742,[0.49214952 0.27526905],[0.36497862 0.3584817 ]
743,[0.95509304 0.29983559],[0.20192996 0.42738696]
744,[0.95509304 0.29983559],[0.47564671 0.35826071]
745,[0.31600202 0.43205509],[0.89549785 0.2798473 ]
746,[0.29924229 0.43066443],[0.36497862 0.3584817 ]
747,[0.31600202 0.43205509],[0.68420649 0.30534615]
748,[0.95509304 0.29983559],[0.36497862 0.3584817 ]
749,[0.72889666 0.18929338],[0.24274336 0.43442132]
750,[0.72889666 0.18929338],[0.36497862 0.3584817 ]
751,[0.25012516 0.42658887],[0.24274336 0.43442132]
752,[0.95509304 0.29983559],[0.20871966 0.43331443]
753,[0.29924229 0.43066443],[0.89549785 0.2798473 ]
754,[0.95509304 0.29983559],[0.47564671 0.35826071]
755,[0.27765471 0.42887317],[0.89549785 0.2798473 ]
756,[0.31600202 0.43205509],[0.24274336 0.43442132]
757,[0.29924229 0.43066443],[0.20192996 0.42738696]
758,[0.85440524 0.24947868],[0.20192996 0.42738696]
759,[0.95509304 0.29983559],[0.89549785 0.2798473 ]
760,[0.29924229 0.43066443],[0.47564671 0.35826071]
761,[0.95509304 0.29983559],[0.24274336 0.43442132]
762,[0.95509304 0.29983559],[0.20142947 0.43081917]
763,[0.95509304 0.29983559],[0.20142947 0.43081917]
764,[0.49214952 0.27526905],[0.89549785 0.2798473 ]
765,[0.85440524 0.24947868],[0.10515492 0.26101487]
766,[0.85440524 0.24947868],[0.20142947 0.43081917]
767,[0.85440524 0.24947868],[0.47564671 0.35826071]
768,[0.85440524 0.24947868],[0.36497862 0.3584817 ]
769,[0.29924229 0.43066443],[0.20142947 0.43081917]
770,[0.25012516 0.42658887],[0.89549785 0.2798473 ]
771,[0.27765471 0.42887317],[0.24274336 0.43442132]
772,[0.25012516 0.42658887],[0.10515492 0.26101487]
773,[0.85440524 0.24947868],[0.20871966 0.43331443]
774,[0.27765471 0.42887317],[0.20871966 0.43331443]
775,[0.27765471 0.42887317],[0.89549785 0.2798473 ]
776,[0.85440524 0.24947868],[0.10515492 0.26101487]
777,[0.85440524 0.24947868],[0.24274336 0.43442132]
778,[0.95509304 0.29983559],[0.36497862 0.3584817 ]
779,[0.49214952 0.27526905],[0.20142947 0.43081917]
780,[0.49214952 0.27526905],[0.20192996 0.42738696]
781,[0.49214952 0.27526905],[0.68420649 0.30534615]
782,[0.49214952 0.27526905],[0.89549785 0.2798473 ]
783,[0.72889666 0.18929338],[0.68420649 0.30534615]
784,[0.31600202 0.43205509],[0.89549785 0.2798473 ]
785,[0.31600202 0.43205509],[0.36497862 0.3584817 ]
786,[0.95509304 0.29983559],[0.47564671 0.35826071]
787,[0.95509304 0.29983559],[0.36497862 0.3584817 ]
788,[0.31600202 0.43205509],[0.24274336 0.43442132]
789,[0.85440524 0.24947868],[0.89549785 0.2798473 ]
790,[0.49214952 0.27526905],[0.20871966 0.43331443]
791,[0.25012516 0.42658887],[0.24274336 0.43442132]
792,[0.29924229 0.43066443],[0.20871966 0.43331443]
793,[0.27765471 0.42887317],[0.10515492 0.26101487]
794,[0.72889666 0.18929338],[0.24274336 0.43442132]
795,[0.60305611 0.21290933],[0.89549785 0.2798473 ]
796,[0.31600202 0.43205509],[0.10515492 0.26101487]
797,[0.95509304 0.29983559],[0.47564671 0.35826071]
798,[0.27765471 0.42887317],[0.89549785 0.2798473 ]
799,[0.29924229 0.43066443],[0.36497862 0.3584817 ]
800,[0.72889666 0.18929338],[0.20142947 0.43081917]
801,[0.31600202 0.43205509],[0.47564671 0.35826071]
802,[0.49214952 0.27526905],[0.20871966 0.43331443]
803,[0.49214952 0.27526905],[0.20871966 0.43331443]
804,[0.49214952 0.27526905],[0.20142947 0.43081917]
805,[0.95509304 0.29983559],[0.89549785 0.2798473 ]
806,[0.31600202 0.43205509],[0.20142947 0.43081917]
807,[0.29924229 0.43066443],[0.36497862 0.3584817 ]
808,[0.49214952 0.27526905],[0.89549785 0.2798473 ]
809,[0.31600202 0.43205509],[0.10515492 0.26101487]
810,[0.85440524 0.24947868],[0.10515492 0.26101487]
811,[0.85440524 0.24947868],[0.89549785 0.2798473 ]
812,[0.27765471 0.42887317],[0.24274336 0.43442132]
813,[0.60305611 0.21290933],[0.89549785 0.2798473 ]
814,[0.85440524 0.24947868],[0.20192996 0.42738696]
815,[0.25012516 0.42658887],[0.10515492 0.26101487]
816,[0.31600202 0.43205509],[0.47564671 0.35826071]
817,[0.85440524 0.24947868],[0.20142947 0.43081917]
818,[0.95509304 0.29983559],[0.20142947 0.43081917]
819,[0.85440524 0.24947868],[0.10515492 0.26101487]
820,[0.85440524 0.24947868],[0.20871966 0.43331443]
821,[0.85440524 0.24947868],[0.68420649 0.30534615]
822,[0.25012516 0.42658887],[0.20871966 0.43331443]
823,[0.72889666 0.18929338],[0.20871966 0.43331443]
824,[0.25012516 0.42658887],[0.20142947 0.43081917]
825,[0.27765471 0.42887317],[0.20142947 0.43081917]
826,[0.85440524 0.24947868],[0.89549785 0.2798473 ]
827,[0.29924229 0.43066443],[0.20192996 0.42738696]
828,[0.29924229 0.43066443],[0.36497862 0.3584817 ]
829,[0.25012516 0.42658887],[0.89549785 0.2798473 ]
830,[0.95509304 0.29983559],[0.36497862 0.3584817 ]
831,[0.72889666 0.18929338],[0.36497862 0.3584817 ]
832,[0.60305611 0.21290933],[0.47564671 0.35826071]
833,[0.25012516 0.42658887],[0.10515492 0.26101487]
834,[0.85440524 0.24947868],[0.89549785 0.2798473 ]
835,[0.85440524 0.24947868],[0.36497862 0.3584817 ]
836,[0.95509304 0.29983559],[0.47564671 0.35826071]
837,[0.27765471 0.42887317],[0.10515492 0.26101487]
838,[0.72889666 0.18929338],[0.10515492 0.26101487]
839,[0.29924229 0.43066443],[0.20871966 0.43331443]
840,[0.49214952 0.27526905],[0.89549785 0.2798473 ]
841,[0.60305611 0.21290933],[0.89549785 0.2798473 ]
842,[0.27765471 0.42887317],[0.20871966 0.43331443]
843,[0.85440524 0.24947868],[0.24274336 0.43442132]
844,[0.49214952 0.27526905],[0.47564671 0.35826071]
845,[0.25012516 0.42658887],[0.20871966 0.43331443]
846,[0.60305611 0.21290933],[0.24274336 0.43442132]
847,[0.85440524 0.24947868],[0.24274336 0.43442132]
848,[0.49214952 0.27526905],[0.47564671 0.35826071]
849,[0.72889666 0.18929338],[0.20192996 0.42738696]
850,[0.85440524 0.24947868],[0.68420649 0.30534615]
851,[0.60305611 0.21290933],[0.89549785 0.2798473 ]
852,[0.29924229 0.43066443],[0.20192996 0.42738696]
853,[0.72889666 0.18929338],[0.89549785 0.2798473 ]
854,[0.31600202 0.43205509],[0.36497862 0.3584817 ]
855,[0.25012516 0.42658887],[0.89549785 0.2798473 ]
856,[0.85440524 0.24947868],[0.20142947 0.43081917]
857,[0.85440524 0.24947868],[0.20192996 0.42738696]
858,[0.27765471 0.42887317],[0.20192996 0.42738696]
859,[0.49214952 0.27526905],[0.36497862 0.3584817 ]
860,[0.29924229 0.43066443],[0.10515492 0.26101487]
861,[0.72889666 0.18929338],[0.89549785 0.2798473 ]
862,[0.31600202 0.43205509],[0.68420649 0.30534615]
863,[0.60305611 0.21290933],[0.10515492 0.26101487]
864,[0.85440524 0.24947868],[0.47564671 0.35826071]
865,[0.49214952 0.27526905],[0.10515492 0.26101487]
866,[0.49214952 0.27526905],[0.24274336 0.43442132]
867,[0.25012516 0.42658887],[0.20192996 0.42738696]
868,[0.49214952 0.27526905],[0.20192996 0.42738696]
869,[0.29924229 0.43066443],[0.47564671 0.35826071]
870,[0.60305611 0.21290933],[0.20192996 0.42738696]
871,[0.49214952 0.27526905],[0.20142947 0.43081917]
872,[0.29924229 0.43066443],[0.47564671 0.35826071]
873,[0.31600202 0.43205509],[0.89549785 0.2798473 ]
874,[0.31600202 0.43205509],[0.20192996 0.42738696]
875,[0.72889666 0.18929338],[0.20142947 0.43081917]
876,[0.29924229 0.43066443],[0.20142947 0.43081917]
877,[0.72889666 0.18929338],[0.10515492 0.26101487]
878,[0.85440524 0.24947868],[0.20871966 0.43331443]
879,[0.27765471 0.42887317],[0.10515492 0.26101487]
880,[0.49214952 0.27526905],[0.68420649 0.30534615]
881,[0.31600202 0.43205509],[0.20142947 0.43081917]
882,[0.27765471 0.42887317],[0.89549785 0.2798473 ]
883,[0.31600202 0.43205509],[0.20142947 0.43081917]
884,[0.27765471 0.42887317],[0.89549785 0.2798473 ]
885,[0.72889666 0.18929338],[0.20192996 0.42738696]
886,[0.29924229 0.43066443],[0.10515492 0.26101487]
887,[0.85440524 0.24947868],[0.36497862 0.3584817 ]
888,[0.29924229 0.43066443],[0.47564671 0.35826071]
889,[0.31600202 0.43205509],[0.89549785 0.2798473 ]
890,[0.49214952 0.27526905],[0.89549785 0.2798473 ]
891,[0.72889666 0.18929338],[0.47564671 0.35826071]
892,[0.49214952 0.27526905],[0.20871966 0.43331443]
893,[0.31600202 0.43205509],[0.20142947 0.43081917]
894,[0.95509304 0.29983559],[0.20871966 0.43331443]
895,[0.95509304 0.29983559],[0.68420649 0.30534615]
896,[0.95509304 0.29983559],[0.68420649 0.30534615]
897,[0.31600202 0.43205509],[0.20142947 0.43081917]
898,[0.27765471 0.42887317],[0.20192996 0.42738696]
899,[0.49214952 0.27526905],[0.89549785 0.2798473 ]
900,[0.27765471 0.42887317],[0.89549785 0.2798473 ]
901,[0.95509304 0.29983559],[0.47564671 0.35826071]
902,[0.60305611 0.21290933],[0.24274336 0.43442132]
903,[0.85440524 0.24947868],[0.68420649 0.30534615]
904,[0.29924229 0.43066443],[0.89549785 0.2798473 ]
905,[0.49214952 0.27526905],[0.47564671 0.35826071]
906,[0.49214952 0.27526905],[0.68420649 0.30534615]
907,[0.95509304 0.29983559],[0.20192996 0.42738696]
908,[0.85440524 0.24947868],[0.20871966 0.43331443]
909,[0.29924229 0.43066443],[0.24274336 0.43442132]
910,[0.85440524 0.24947868],[0.20871966 0.43331443]
911,[0.72889666 0.18929338],[0.20192996 0.42738696]
912,[0.85440524 0.24947868],[0.89549785 0.2798473 ]
913,[0.85440524 0.24947868],[0.20871966 0.43331443]
914,[0.31600202 0.43205509],[0.20142947 0.43081917]
915,[0.72889666 0.18929338],[0.89549785 0.2798473 ]
916,[0.72889666 0.18929338],[0.89549785 0.2798473 ]
917,[0.60305611 0.21290933],[0.36497862 0.3584817 ]
918,[0.85440524 0.24947868],[0.20142947 0.43081917]
919,[0.29924229 0.43066443],[0.89549785 0.2798473 ]
920,[0.85440524 0.24947868],[0.20871966 0.43331443]
921,[0.85440524 0.24947868],[0.47564671 0.35826071]
922,[0.60305611 0.21290933],[0.89549785 0.2798473 ]
923,[0.85440524 0.24947868],[0.20142947 0.43081917]
924,[0.49214952 0.27526905],[0.20142947 0.43081917]
925,[0.60305611 0.21290933],[0.47564671 0.35826071]
926,[0.25012516 0.42658887],[0.20871966 0.43331443]
927,[0.31600202 0.43205509],[0.89549785 0.2798473 ]
928,[0.25012516 0.42658887],[0.20142947 0.43081917]
929,[0.72889666 0.18929338],[0.89549785 0.2798473 ]
930,[0.85440524 0.24947868],[0.89549785 0.2798473 ]
931,[0.27765471 0.42887317],[0.20871966 0.43331443]
932,[0.85440524 0.24947868],[0.20871966 0.43331443]
933,[0.60305611 0.21290933],[0.10515492 0.26101487]
934,[0.72889666 0.18929338],[0.20192996 0.42738696]
935,[0.72889666 0.18929338],[0.36497862 0.3584817 ]
936,[0.85440524 0.24947868],[0.89549785 0.2798473 ]
937,[0.85440524 0.24947868],[0.10515492 0.26101487]
938,[0.72889666 0.18929338],[0.36497862 0.3584817 ]
939,[0.85440524 0.24947868],[0.89549785 0.2798473 ]
940,[0.49214952 0.27526905],[0.36497862 0.3584817 ]
941,[0.25012516 0.42658887],[0.20192996 0.42738696]
942,[0.85440524 0.24947868],[0.68420649 0.30534615]
943,[0.29924229 0.43066443],[0.20192996 0.42738696]
944,[0.95509304 0.29983559],[0.24274336 0.43442132]
945,[0.29924229 0.43066443],[0.68420649 0.30534615]
946,[0.85440524 0.24947868],[0.10515492 0.26101487]
947,[0.72889666 0.18929338],[0.24274336 0.43442132]
948,[0.25012516 0.42658887],[0.68420649 0.30534615]
949,[0.25012516 0.42658887],[0.89549785 0.2798473 ]
950,[0.72889666 0.18929338],[0.10515492 0.26101487]
951,[0.85440524 0.24947868],[0.10515492 0.26101487]
952,[0.25012516 0.42658887],[0.24274336 0.43442132]
953,[0.27765471 0.42887317],[0.24274336 0.43442132]
954,[0.72889666 0.18929338],[0.20142947 0.43081917]
955,[0.31600202 0.43205509],[0.36497862 0.3584817 ]
956,[0.60305611 0.21290933],[0.89549785 0.2798473 ]
957,[0.25012516 0.42658887],[0.20192996 0.42738696]
958,[0.85440524 0.24947868],[0.47564671 0.35826071]
959,[0.25012516 0.42658887],[0.20192996 0.42738696]
960,[0.31600202 0.43205509],[0.89549785 0.2798473 ]
961,[0.49214952 0.27526905],[0.89549785 0.2798473 ]
962,[0.31600202 0.43205509],[0.47564671 0.35826071]
963,[0.29924229 0.43066443],[0.68420649 0.30534615]
964,[0.85440524 0.24947868],[0.89549785 0.2798473 ]
965,[0.25012516 0.42658887],[0.20192996 0.42738696]
966,[0.25012516 0.42658887],[0.10515492 0.26101487]
967,[0.25012516 0.42658887],[0.47564671 0.35826071]
968,[0.27765471 0.42887317],[0.20142947 0.43081917]
969,[0.60305611 0.21290933],[0.20142947 0.43081917]
970,[0.25012516 0.42658887],[0.47564671 0.35826071]
971,[0.27765471 0.42887317],[0.24274336 0.43442132]
972,[0.85440524 0.24947868],[0.89549785 0.2798473 ]
973,[0.85440524 0.24947868],[0.89549785 0.2798473 ]
974,[0.31600202 0.43205509],[0.89549785 0.2798473 ]
975,[0.72889666 0.18929338],[0.89549785 0.2798473 ]
976,[0.25012516 0.42658887],[0.20142947 0.43081917]
977,[0.25012516 0.42658887],[0.24274336 0.43442132]
978,[0.29924229 0.43066443],[0.68420649 0.30534615]
979,[0.49214952 0.27526905],[0.36497862 0.3584817 ]
980,[0.95509304 0.29983559],[0.10515492 0.26101487]
981,[0.95509304 0.29983559],[0.20192996 0.42738696]
982,[0.27765471 0.42887317],[0.20192996 0.42738696]
983,[0.60305611 0.21290933],[0.68420649 0.30534615]
984,[0.85440524 0.24947868],[0.20142947 0.43081917]
985,[0.31600202 0.43205509],[0.10515492 0.26101487]
986,[0.72889666 0.18929338],[0.10515492 0.26101487]
987,[0.25012516 0.42658887],[0.68420649 0.30534615]
988,[0.31600202 0.43205509],[0.68420649 0.30534615]
989,[0.85440524 0.24947868],[0.20192996 0.42738696]
990,[0.85440524 0.24947868],[0.89549785 0.2798473 ]
991,[0.29924229 0.43066443],[0.89549785 0.2798473 ]
992,[0.60305611 0.21290933],[0.20142947 0.43081917]
993,[0.27765471 0.42887317],[0.89549785 0.2798473 ]
994,[0.27765471 0.42887317],[0.47564671 0.35826071]
995,[0.27765471 0.42887317],[0.10515492 0.26101487]
996,[0.72889666 0.18929338],[0.89549785 0.2798473 ]
997,[0.60305611 0.21290933],[0.36497862 0.3584817 ]
998,[0.95509304 0.29983559],[0.20871966 0.43331443]
999,[0.49214952 0.27526905],[0.36497862 0.3584817 ]
1000,[0.25012516 0.42658887],[0.10515492 0.26101487]
1001,[0.31600202 0.43205509],[0.10515492 0.26101487]
1002,[0.95509304 0.29983559],[0.20871966 0.43331443]
1003,[0.85440524 0.24947868],[0.20871966 0.43331443]
1004,[0.72889666 0.18929338],[0.24274336 0.43442132]
1005,[0.72889666 0.18929338],[0.20192996 0.42738696]
1006,[0.25012516 0.42658887],[0.36497862 0.3584817 ]
1007,[0.29924229 0.43066443],[0.89549785 0.2798473 ]
1008,[0.31600202 0.43205509],[0.68420649 0.30534615]
